issue_type,responsible_department,routing_type,source_of_truth
Road Damage,Road Department,deterministic_rule,department_mapping_database
Roadside Flooding,Drainage Department,deterministic_rule,department_mapping_database
Drainage,Drainage Department,deterministic_rule,department_mapping_database
Water Leakage,Water Department,deterministic_rule,department_mapping_database
Electric Pole,Electricity Department,deterministic_rule,department_mapping_database
Streetlight,Electricity Department,deterministic_rule,department_mapping_database
Traffic Signal,Traffic Department,deterministic_rule,department_mapping_database
Garbage,Sanitation Department,deterministic_rule,department_mapping_database
Tree Hazard,Garden Department,deterministic_rule,department_mapping_database
